{
    "Temperature": {
        "5": 1.8001606464,
        "12": 1.7998836637,
        "10": 1.799993217,
        "14": 1.7995348573,
        "3": 1.8003772497,
        "2": 1.8004032373,
        "4": 1.8001844883,
        "7": 1.800029397,
        "8": 1.8000197411,
        "11": 1.7999256849,
        "9": 1.800005734,
        "6": 1.800100863,
        "23": 1.7992136478,
        "17": 1.799470365,
        "20": 1.7993836999,
        "28": 1.7990061641,
        "22": 1.7992390394,
        "27": 1.7991769314,
        "29": 1.7988382578,
        "13": 1.7995592356,
        "15": 1.7995319366,
        "26": 1.7991887331,
        "18": 1.7994382977,
        "21": 1.7992593646,
        "24": 1.799212873,
        "19": 1.7993901968,
        "25": 1.7991979122,
        "16": 1.7995035648,
        "0": 1.8013208508,
        "1": 1.80082798
    },
    "MagneticField": {
        "5": 1499.8406982422,
        "12": 1499.8406982422,
        "10": 1499.8406982422,
        "14": 1499.8406982422,
        "3": 1499.8406982422,
        "2": 1499.8406982422,
        "4": 1499.8406982422,
        "7": 1499.8406982422,
        "8": 1499.8406982422,
        "11": 1499.8406982422,
        "9": 1499.8406982422,
        "6": 1499.8406982422,
        "23": 1499.8406982422,
        "17": 1499.8406982422,
        "20": 1499.8406982422,
        "28": 1499.8406982422,
        "22": 1499.8406982422,
        "27": 1499.8406982422,
        "29": 1499.8406982422,
        "13": 1499.8406982422,
        "15": 1499.8406982422,
        "26": 1499.8406982422,
        "18": 1499.8406982422,
        "21": 1499.8406982422,
        "24": 1499.8406982422,
        "19": 1499.8406982422,
        "25": 1499.8406982422,
        "16": 1499.8406982422,
        "0": 1499.8406982422,
        "1": 1499.8406982422
    },
    "ChiPrime": {
        "5": 0.0000021746,
        "12": 0.0000018737,
        "10": 0.0000017208,
        "14": 0.0000015529,
        "3": 0.0000014393,
        "2": 0.0000013621,
        "4": 0.0000012268,
        "7": 0.0000011281,
        "8": 0.0000010553,
        "11": 0.000000988,
        "9": 0.0000009407,
        "6": 0.0000008545,
        "23": 0.000000809,
        "17": 0.0000007592,
        "20": 0.0000007239,
        "28": 0.0000006907,
        "22": 0.0000006559,
        "27": 0.0000006271,
        "29": 0.0000005981,
        "13": 0.0000005824,
        "15": 0.0000005587,
        "26": 0.0000005406,
        "18": 0.0000005188,
        "21": 0.0000004998,
        "24": 0.0000004891,
        "19": 0.0000004732,
        "25": 0.0000004446,
        "16": 0.0000004362,
        "0": 0.0000004093,
        "1": -0.0000065151
    },
    "ChiBis": {
        "5": 0.0000013617,
        "12": 0.0000013383,
        "10": 0.0000011642,
        "14": 0.0000010883,
        "3": 0.0000009045,
        "2": 0.0000008354,
        "4": 0.0000007426,
        "7": 0.0000006714,
        "8": 0.0000005841,
        "11": 0.0000005314,
        "9": 0.0000004892,
        "6": 0.0000004176,
        "23": 0.0000003791,
        "17": 0.0000003376,
        "20": 0.0000003005,
        "28": 0.0000002669,
        "22": 0.0000002379,
        "27": 0.0000002126,
        "29": 0.0000001892,
        "13": 0.0000001732,
        "15": 0.0000001553,
        "26": 0.000000142,
        "18": 0.000000128,
        "21": 0.0000001175,
        "24": 0.000000118,
        "19": 0.0000001095,
        "25": 0.0000000943,
        "16": 0.000000095,
        "0": 0.0000001031,
        "1": -0.0000115543
    },
    "Frequency": {
        "5": 0.4003880918,
        "12": 0.5204225183,
        "10": 0.700587213,
        "14": 0.9007549882,
        "3": 1.2005341053,
        "2": 1.5412918329,
        "4": 2.0210316181,
        "7": 2.6399288177,
        "8": 3.4997224808,
        "11": 4.5413064957,
        "9": 5.9372720718,
        "6": 7.8050074577,
        "23": 10.2065477371,
        "17": 13.3264532089,
        "20": 17.4885826111,
        "28": 22.9024982452,
        "22": 29.9927062988,
        "27": 39.3141098022,
        "29": 51.3980293274,
        "13": 67.2563705444,
        "15": 88.1374130249,
        "26": 115.4329223633,
        "18": 151.4050445557,
        "21": 198.0857086182,
        "24": 259.7240600586,
        "19": 339.6739196777,
        "25": 444.9031982422,
        "16": 583.0223999023,
        "0": 762.939453125,
        "1": 999.0409545898
    },
    "ChiPrimeMol": {
        "5": 0.3727918288,
        "12": 0.3212137112,
        "10": 0.2949975054,
        "14": 0.266212667,
        "3": 0.2467418453,
        "2": 0.2334979674,
        "4": 0.2103162064,
        "7": 0.1933947005,
        "8": 0.1809131179,
        "11": 0.1693717851,
        "9": 0.1612698074,
        "6": 0.14648184,
        "23": 0.1386895945,
        "17": 0.1301564931,
        "20": 0.1240886807,
        "28": 0.1184112786,
        "22": 0.1124418884,
        "27": 0.1074943852,
        "29": 0.1025383875,
        "13": 0.0998423149,
        "15": 0.0957762916,
        "26": 0.0926812736,
        "18": 0.0889292608,
        "21": 0.0856786274,
        "24": 0.0838533476,
        "19": 0.0811151231,
        "25": 0.0762190799,
        "16": 0.0747687832,
        "0": 0.070169813,
        "1": -1.1168709741
    },
    "ChiBisMol": {
        "5": 0.2334427409,
        "12": 0.2294296565,
        "10": 0.1995816731,
        "14": 0.1865731386,
        "3": 0.1550509541,
        "2": 0.1432069153,
        "4": 0.1273111321,
        "7": 0.1150891063,
        "8": 0.1001268186,
        "11": 0.0910982618,
        "9": 0.0838635587,
        "6": 0.0715851789,
        "23": 0.0649933903,
        "17": 0.0578725869,
        "20": 0.0515177436,
        "28": 0.0457601456,
        "22": 0.0407866414,
        "27": 0.0364412313,
        "29": 0.0324291702,
        "13": 0.0296917653,
        "15": 0.0266297465,
        "26": 0.0243378311,
        "18": 0.0219491233,
        "21": 0.0201503131,
        "24": 0.0202307306,
        "19": 0.0187747194,
        "25": 0.0161647178,
        "16": 0.0162872671,
        "0": 0.017665741,
        "1": -1.9807377293
    },
    "Omega": {
        "5": 2.5157125756,
        "12": 3.2699111202,
        "10": 4.4019192834,
        "14": 5.6596105072,
        "3": 7.5431782512,
        "2": 9.6842221987,
        "4": 12.6985161683,
        "7": 16.5871619597,
        "8": 21.9894048704,
        "11": 28.533870249,
        "9": 37.3049806465,
        "6": 49.0403081809,
        "23": 64.1296307789,
        "17": 83.7325749991,
        "20": 109.8840053054,
        "28": 143.9006404722,
        "22": 188.4497315393,
        "27": 247.0178370743,
        "29": 322.9433426879,
        "13": 422.584239219,
        "15": 553.7836985309,
        "26": 725.2864417578,
        "18": 951.305951385,
        "21": 1244.6092139519,
        "24": 1631.8943980812,
        "19": 2134.2341813512,
        "25": 2795.4092383125,
        "16": 3663.237776823,
        "0": 4793.6899621426,
        "1": 6277.1594471496
    },
    "OmegaLog": {
        "5": 0.4006610207,
        "12": 0.5145359482,
        "10": 0.6436420748,
        "14": 0.7527865442,
        "3": 0.8775543706,
        "2": 0.9860647455,
        "4": 1.1037529763,
        "7": 1.2197720852,
        "8": 1.3422134756,
        "11": 1.4553606821,
        "9": 1.571766819,
        "6": 1.6905531907,
        "23": 1.8070587395,
        "17": 1.9228944471,
        "20": 2.0409344812,
        "28": 2.1580627269,
        "22": 2.2751955231,
        "27": 2.3927283146,
        "29": 2.5091263362,
        "13": 2.6259132955,
        "15": 2.7433401675,
        "26": 2.860509559,
        "18": 2.9783202137,
        "21": 3.0950330118,
        "24": 3.2126920516,
        "19": 3.3292420712,
        "25": 3.4464453961,
        "16": 3.5638651092,
        "0": 3.6806699421,
        "1": 3.7977631604
    },
    "FrequencyLog": {
        "5": -0.3975188476,
        "12": -0.2836439201,
        "10": -0.1545377936,
        "14": -0.0453933242,
        "3": 0.0793745022,